{
  "hash": "ff7aa2df",
  "configHash": "c198e0c0",
  "lockfileHash": "56125aea",
  "browserHash": "eaa0b19d",
  "optimized": {
    "@angular/common": {
      "src": "../../../../../../node_modules/@angular/common/fesm2022/common.mjs",
      "file": "@angular_common.js",
      "fileHash": "f84dae33",
      "needsInterop": false
    },
    "@angular/common/http": {
      "src": "../../../../../../node_modules/@angular/common/fesm2022/http.mjs",
      "file": "@angular_common_http.js",
      "fileHash": "c6d15218",
      "needsInterop": false
    },
    "@angular/core": {
      "src": "../../../../../../node_modules/@angular/core/fesm2022/core.mjs",
      "file": "@angular_core.js",
      "fileHash": "a7060fa4",
      "needsInterop": false
    },
    "@angular/forms": {
      "src": "../../../../../../node_modules/@angular/forms/fesm2022/forms.mjs",
      "file": "@angular_forms.js",
      "fileHash": "b24b2b9d",
      "needsInterop": false
    },
    "@angular/google-maps": {
      "src": "../../../../../../node_modules/@angular/google-maps/fesm2022/google-maps.mjs",
      "file": "@angular_google-maps.js",
      "fileHash": "86049fd9",
      "needsInterop": false
    },
    "@angular/platform-browser": {
      "src": "../../../../../../node_modules/@angular/platform-browser/fesm2022/platform-browser.mjs",
      "file": "@angular_platform-browser.js",
      "fileHash": "a3ce2a7d",
      "needsInterop": false
    },
    "@angular/router": {
      "src": "../../../../../../node_modules/@angular/router/fesm2022/router.mjs",
      "file": "@angular_router.js",
      "fileHash": "5ba18574",
      "needsInterop": false
    },
    "@apollo/client/core": {
      "src": "../../../../../../node_modules/@apollo/client/core/index.js",
      "file": "@apollo_client_core.js",
      "fileHash": "e8f7f15e",
      "needsInterop": false
    },
    "apollo-angular": {
      "src": "../../../../../../node_modules/apollo-angular/fesm2022/ngApollo.mjs",
      "file": "apollo-angular.js",
      "fileHash": "1dd9edb3",
      "needsInterop": false
    },
    "apollo-angular/http": {
      "src": "../../../../../../node_modules/apollo-angular/fesm2022/ngApolloLinkHttp.mjs",
      "file": "apollo-angular_http.js",
      "fileHash": "0889403c",
      "needsInterop": false
    },
    "rxjs": {
      "src": "../../../../../../node_modules/rxjs/dist/esm5/index.js",
      "file": "rxjs.js",
      "fileHash": "2a7e9367",
      "needsInterop": false
    },
    "rxjs/operators": {
      "src": "../../../../../../node_modules/rxjs/dist/esm5/operators/index.js",
      "file": "rxjs_operators.js",
      "fileHash": "31f69cfc",
      "needsInterop": false
    }
  },
  "chunks": {
    "chunk-B6VNNEMC": {
      "file": "chunk-B6VNNEMC.js"
    },
    "chunk-S6YFGG25": {
      "file": "chunk-S6YFGG25.js"
    },
    "chunk-DX5ZXFSW": {
      "file": "chunk-DX5ZXFSW.js"
    },
    "chunk-G42YA5F5": {
      "file": "chunk-G42YA5F5.js"
    },
    "chunk-4GAYX5D7": {
      "file": "chunk-4GAYX5D7.js"
    },
    "chunk-VAKS3VHM": {
      "file": "chunk-VAKS3VHM.js"
    },
    "chunk-WXE2RXOK": {
      "file": "chunk-WXE2RXOK.js"
    },
    "chunk-XQ6PMOZA": {
      "file": "chunk-XQ6PMOZA.js"
    },
    "chunk-L3TH4L7L": {
      "file": "chunk-L3TH4L7L.js"
    }
  }
}